user_id,email,firstNames,surname,address,postCode,phone
098a2a1db7a339a1f965e31f899a5cdb,unset,unset,unset,unset,unset,000
0a0bb689327261c3e9ef1844a2c12d7b,unset,unset,unset,unset,unset,000
0fee26446a47a75aea52d7ba22b4256e,unset,unset,unset,unset,unset,000
1a9948f29c1cbbb0b01c6f22e944e974,unset,unset,unset,unset,unset,000
1c93967f42f0d4708c98295ce131a370,unset,unset,unset,unset,unset,000
1d7378856c9767ac70eaffd1127ceda3,unset,unset,unset,unset,unset,000
26d76094efacefe6453af865b3af0849,unset,unset,unset,unset,unset,000
284121705361be8b821a2a11952198ae,unset,unset,unset,unset,unset,000
285ac54a025b9cdded4259dbe590a6d7,unset,unset,unset,unset,unset,000
35e3e4672eeaae6c3f0712d5c901c12f,unset,unset,unset,unset,unset,000
39af82625fbb282709967d2d0d3a2e5b,unset,unset,unset,unset,unset,000
3ce41b84ad535b9ce8914f989a52b954,unset,unset,unset,unset,unset,000
4821e599c83a683f7f46bca6802b626c,unset,unset,unset,unset,unset,000
4da1b097f2e39ea098bd1ce07c85fdc7,unset,unset,unset,unset,unset,000
4fe59dfd125f5b79ae695e9879e8b7c6,unset,unset,unset,unset,unset,000
51990acb0546ef797a46eba73c28a264,unset,unset,unset,unset,unset,000
55d93e3b5cf012692cc395234905bbff,unset,unset,unset,unset,unset,000
5c0e24a50669e3fe9478090d94a51af6,unset,unset,unset,unset,unset,000
5fc998c35033884a43b003b808f29e12,unset,unset,unset,unset,unset,000
65b6223e051ad5d5a18c34fef79b374a,unset,unset,unset,unset,unset,000
770a346fe116553fc9f24d02f36b6493,unset,unset,unset,unset,unset,000
7ec3bb43a9c460d8ebe6f6b3623c5591,unset,unset,unset,unset,unset,000
87cdf4a2c3845031fa16c7050a140a03,unset,unset,unset,unset,unset,000
8a068d0ad5a1e7f043cce32012445a56,unset,unset,unset,unset,unset,000
8cbad09932ce645c0a4c409bd602aba4,unset,unset,unset,unset,unset,000
8d2c157ac070d4664fa169a6d5b74451,unset,unset,unset,unset,unset,000
8f4267f38fe29f7ebc36fc6e0b9f3ad4,unset,unset,unset,unset,unset,000
90e03b1af8ffe90104ce1c9a2fdb31c8,unset,unset,unset,unset,unset,000
9150ea3596ec87a82f9c4c2b7d9b48f9,unset,unset,unset,unset,unset,000
9b5ef1e3d1277f7778ac4252b5e9e924,unset,unset,unset,unset,unset,000
a32066e70261e528a772dcf0d93d1393,unset,unset,unset,unset,unset,000
a345e72e1ac559ff72944ab4cba83753,unset,unset,unset,unset,unset,000
a8fdd319020d97fc2ceb50f9c0a6748e,unset,unset,unset,unset,unset,000
ae381687a6639629fdc2be97582e1cbe,unset,unset,unset,unset,unset,000
b267e3bab5d2e8a46ca9402a63c10c81,unset,unset,unset,unset,unset,000
b2c6198e5698667f0f1e7ed33c87994f,unset,unset,unset,unset,unset,000
b34d116de74fe2d8de6bdc352745eda2,unset,unset,unset,unset,unset,000
b8e2beb56e55ae0f2c30af9166a36785,unset,unset,unset,unset,unset,000
be37b9727c451130d01c788d6d158633,unset,unset,unset,unset,unset,000
c01232d3b40f9dba03d82eb95615c3ee,unset,unset,unset,unset,unset,000
c16f7cbea591a4d5a43213f03fe8b85a,unset,unset,unset,unset,unset,000
c349e28aaf70ff632c41427321e20566,unset,unset,unset,unset,unset,000
d47a40e6e51e48c6297db192613051ab,unset,unset,unset,unset,unset,000
d8ffd39abcc4a1f81e5383a035d34b18,unset,unset,unset,unset,unset,000
dccb738f23c5eabe357863e07f5111ce,unset,unset,unset,unset,unset,000
dd4c5f17a7107d2a575813f4b862f1dc,unset,unset,unset,unset,unset,000
dd9f2ffb324f4a9fe5696441e1635e27,unset,unset,unset,unset,unset,000
e32c083d69dc49bc1279ce8a1e0d4fde,unset,unset,unset,unset,unset,000
e6557176f8c520e9d928ed1f36126a45,unset,unset,unset,unset,unset,000
e7d5757772f9f2204e2b9d4f243ca4bd,unset,unset,unset,unset,unset,000
f48c4cf9711fba24ea9f26d237a762ca,unset,unset,unset,unset,unset,000
